symbol,period,r.squared,adj.r.squared
AAPL,post_2020,0.6575962997286295,0.639253244356949
AAPL,pre_2020,0.34090318213985815,0.3325248327602801
BA,post_2020,0.4324383719193781,0.40203328470077326
BA,pre_2020,0.3196605034702383,0.3110121200397752
CAT,post_2020,0.5082587983166843,0.48191551965507806
CAT,pre_2020,0.4970169679487724,0.49062311584642626
CVX,post_2020,0.6146658905202055,0.5940229917980736
CVX,pre_2020,0.3486217407566702,0.3403415086476448
DIS,post_2020,0.5785369679944338,0.5559585912798499
DIS,pre_2020,0.4487330262762088,0.4417253952542962
GE,post_2020,0.393934658374186,0.3614668722156603
GE,pre_2020,0.46418624438594885,0.4573750525772956
HD,post_2020,0.5374205724737009,0.5126395317133634
HD,pre_2020,0.3959759501752646,0.3882976783554587
IBM,post_2020,0.376357154528079,0.34294771637779753
IBM,pre_2020,0.4265312291033191,0.41924137184615795
JNJ,post_2020,0.3105915122816463,0.2736589147253059
JNJ,pre_2020,0.22028175361637453,0.21037008099285393
JPM,post_2020,0.7832359122341284,0.7716235503895281
JPM,pre_2020,0.5229635289453645,0.5168995060082293
KO,post_2020,0.4667390198049279,0.43817146729447765
KO,pre_2020,0.16161155178400324,0.15095407151007112
MCD,post_2020,0.4987070644555215,0.47185208576563864
MCD,pre_2020,0.287487139922184,0.27842977305678807
MMM,post_2020,0.4929038846412352,0.4657380213184442
MMM,pre_2020,0.3577502962651315,0.34958610511595956
MSFT,post_2020,0.7219271115765715,0.7070303496967449
MSFT,pre_2020,0.4039716145882624,0.3963949825703166
NKE,post_2020,0.3563213665098762,0.3218385825729053
NKE,pre_2020,0.27982816769282437,0.2706734410109535
PFE,post_2020,0.1943923467441713,0.15123479389118044
PFE,pre_2020,0.241755248299116,0.23211654382834201
PG,post_2020,0.368894170514909,0.3350849296496363
PG,pre_2020,0.06911565325372618,0.057282377659493844
VZ,post_2020,0.2735345683208344,0.2346167773380219
VZ,pre_2020,0.28510599424731997,0.27601835858097234
WMT,post_2020,0.32669171310800843,0.29062162631022326
WMT,pre_2020,0.1673296079004358,0.15674481478052615
XOM,post_2020,0.5572144226318485,0.5334937667014118
XOM,pre_2020,0.25619727522406505,0.2467421558413202
