symbol,alpha,alpha_tstat,alpha_pval,r_squared,adj_r_squared,model
AAPL,0.01621673347473073,3.021247083630995,0.0027356491991665788,0.30836137934222474,0.30604044437357447,CAPM
AAPL,0.017658009029088186,3.4259924582987766,6.992196336852052e-4,0.36879184844012514,0.3623944685256669,FF3
AAPL,0.017722897847276247,3.4144416230557457,7.286778174027722e-4,0.3688231038504485,0.3602647730552003,FF3+UMD
BA,0.0030272156689903755,0.6403179584767951,0.5224579349059371,0.2845642703696771,0.2821634793306491,CAPM
BA,0.0018076850060193281,0.39432879314586733,0.6936222572609521,0.33420463765427644,0.32745671168455626,FF3
BA,0.002708308015855714,0.5901978687930513,0.5555098194100083,0.34223290546010493,0.3333140296019369,FF3+UMD
CAT,0.006211912415780589,1.5248165163636274,0.12836541488361486,0.4202091695217166,0.4182635627080311,CAPM
CAT,0.004855030151581912,1.2673623799320932,0.20602189217207015,0.492571240159344,0.487428381106905,FF3
CAT,0.005225120674323406,1.3563407940995318,0.17602791697683054,0.49405079922407524,0.487190471077961,FF3+UMD
CVX,0.003097661976281487,0.9380337215213626,0.34898670835730683,0.30643972347515225,0.3041123399968809,CAPM
CVX,0.001951137839830539,0.6415844593824283,0.5216395232622746,0.4178186833562721,0.41191819703893695,FF3
CVX,0.0014037661946496446,0.4606797550591822,0.6453678005177682,0.42371089266825557,0.4158968030773167,FF3+UMD
DIS,-4.8131963848945966e-5,-0.014343049192395691,0.9885658925635685,0.45923683074573407,0.45742218923816935,CAPM
DIS,-4.6123059206841575e-4,-0.13818486047615475,0.8901882771753712,0.4704887801834221,0.4651221124150109,FF3
DIS,3.2430943760346817e-4,0.09732443138797468,0.9225348439880638,0.4796514084610717,0.47259583433850993,FF3+UMD
GE,-0.003836380838263769,-0.9498144353218688,0.34297620490215575,0.38288985392919944,0.3808190145128544,CAPM
GE,-0.00486464392778526,-1.2518346246072494,0.21161844317245862,0.4346180285955381,0.42888780591238485,FF3
GE,-0.003609287010123849,-0.9376577739182628,0.349187332417636,0.453050846878318,0.4456345871749732,FF3+UMD
HD,0.002786634887798921,0.8658261407924936,0.38728203233207836,0.41502045579929403,0.41305743719459365,CAPM
HD,0.0023941764723240224,0.7456265734443798,0.45648471077690655,0.4237002141089273,0.4178593379005717,FF3
HD,0.002191141371870996,0.6780107228010867,0.4982963444182501,0.42442006854627345,0.4166155948994432,FF3+UMD
IBM,-1.6057322752864472e-4,-0.04821574279638877,0.9615766016508942,0.3652025794858426,0.36307238679955356,CAPM
IBM,1.4366397188355685e-4,0.04332975483163475,0.965467886970361,0.37723119985747305,0.3709193539100827,FF3
IBM,0.0014599056979838804,0.4483901346182596,0.6542008148895073,0.4078930545495664,0.3998644857976962,FF3+UMD
JNJ,0.0031224003815206445,1.232302940579555,0.21880732452969884,0.16189744186790556,0.15908501717618706,CAPM
JNJ,0.0029955551075433995,1.2287073020533004,0.22015753641943733,0.23202042410361842,0.2242368473208849,FF3
JNJ,0.0025347162807956413,1.0381678293898566,0.30004210730172,0.24059304438253198,0.23029600091653235,FF3+UMD
JPM,0.002390254561639212,0.6562731563465608,0.5121548014934147,0.4673784068794981,0.46559108609721456,CAPM
JPM,8.874155885021692e-4,0.26712896749981824,0.7895558826641562,0.5614199796525565,0.5569749118787649,FF3
JPM,0.002395665311731731,0.7402928332668365,0.4597110994070406,0.5896627150473943,0.5840988196582064,FF3+UMD
KO,0.0022444916857956394,0.837604742459467,0.40292398805154295,0.1497963038013121,0.14694327126373263,CAPM
KO,0.0021595276138357835,0.8329195928175772,0.4055616246688043,0.2122043511800025,0.20421993582034037,FF3
KO,0.002109960977100178,0.8081148210990652,0.41967565923255645,0.2122943019021916,0.20161354667374665,FF3+UMD
MCD,0.005317329511714351,1.865356503252313,0.06311402853019094,0.2292803107886582,0.22669400310674093,CAPM
MCD,0.005154070829957692,1.921459763573044,0.055633848598572004,0.3245267707842925,0.31768075832602516,FF3
MCD,0.004739637094664446,1.7610877304601509,0.07925955251428275,0.3295641391041032,0.32047348336314185,FF3+UMD
MMM,0.001959567263481166,0.6653803663273298,0.5063218925029299,0.34717220635985674,0.3449815090657623,CAPM
MMM,0.0012225199655301654,0.42694955548110597,0.6697264476975142,0.38917893391157254,0.3829881798633791,FF3
MMM,0.0010237778204573898,0.3552899457337892,0.7226262815134373,0.39009823696758483,0.381828382553586,FF3+UMD
MSFT,0.0036711869862991217,0.9848576981042662,0.32549290608749293,0.36672658814419756,0.3646015095809231,CAPM
MSFT,0.004961001738430741,1.408226270619328,0.1601135105221659,0.44017014487552736,0.43449619364115766,FF3
MSFT,0.005715293342641389,1.622570690475233,0.1057493658591596,0.4481881119560454,0.4407059168639239,FF3+UMD
NKE,0.006461308821128461,1.5676942332110804,0.11801372120801548,0.19921945678686756,0.19653227375595095,CAPM
NKE,0.0062116410149129385,1.562633150568661,0.11920737500932777,0.26272274540522783,0.2552503407978485,FF3
NKE,0.0066545934608425285,1.6655042301864258,0.09687374397600274,0.26558277122645296,0.2556245715142692,FF3+UMD
PFE,-3.911477051850878e-4,-0.11930101441551469,0.9051172639641475,0.1679120125951619,0.16511977102668918,CAPM
PFE,-4.8062415749681726e-4,-0.15071449969998207,0.8803035893744111,0.22086262137110213,0.21296595874986335,FF3
PFE,-6.751308824165828e-4,-0.21033883936748188,0.8335484286147771,0.22176815733673247,0.21121586116502722,FF3+UMD
PG,0.004200443245402727,1.4563324453734956,0.14635351413310685,0.06559426688635561,0.06245867717792053,CAPM
PG,0.004013497107854781,1.413113170717337,0.15867312875266257,0.10320063597442498,0.09411145323092251,FF3
PG,0.003750523707563194,1.3129790667055217,0.19021042836736382,0.10560251127371342,0.0934750876977638,FF3+UMD
VZ,3.0192426073121924e-4,0.08759518871893401,0.9302572583222221,0.13932308111226108,0.13643490353210086,CAPM
VZ,6.245053841811857e-4,0.19497947264814275,0.8455427810174263,0.2644093534580811,0.25695404285123735,FF3
VZ,9.467522512165879e-4,0.2939722699178107,0.7689858208022315,0.2667355293767966,0.25679296028360055,FF3+UMD
WMT,0.0038388815732575843,1.2688847208761838,0.2054723933234886,0.10948270570285408,0.10649439263474281,CAPM
WMT,0.004130651122815912,1.4259752596370374,0.1549292428549361,0.19197037551587293,0.18378088607853382,FF3
WMT,0.003974261079608903,1.3629415464974755,0.17394035908344166,0.192706169060594,0.1817598120309072,FF3+UMD
XOM,0.0025917371099603748,0.795406596969219,0.42701011052989113,0.21841084603121838,0.21578806363534997,CAPM
XOM,0.0015114659536519927,0.4965372836773097,0.6198839297210499,0.32484267273399303,0.31799986198467545,FF3
XOM,0.0011140155553907751,0.36436268303252617,0.7158482309711962,0.32843852126339884,0.3193326029076484,FF3+UMD
