window_end,alpha,alpha_tstat,r_squared
2004-12-01,0.004769254083109065,1.7180490232030037,0.8332120073036468
2005-01-01,0.004171815514094399,1.5364838185494303,0.8398055029566708
2005-02-01,0.005419985703498623,2.35329133635136,0.8713449073277474
2005-03-01,0.0046295343708407394,2.0176168013172697,0.8603344545102036
2005-04-01,0.0037424314188947193,1.6365132835327807,0.8595343153668654
2005-05-01,0.0035712225994586747,1.5572999342539569,0.860322376909693
2005-06-01,0.0035905670064784808,1.509219027806791,0.8523830138749768
2005-07-01,0.0036769801655159623,1.5522348010901834,0.8539105773444526
2005-08-01,0.004628244341053914,2.097487065326844,0.873826543552915
2005-09-01,0.004638473218034441,2.1190906987751252,0.8724634279726504
2005-10-01,0.004548437021750445,2.0927786825149988,0.8726958437921211
2005-11-01,0.004566846932015975,2.410735079182622,0.9019840548605865
2005-12-01,0.004273260565141347,2.272543430354173,0.9010880762727862
2006-01-01,0.00395472925579429,2.0990010618144197,0.9013638726121764
2006-02-01,0.004351564651418278,2.4126594037891036,0.9040927678931838
2006-03-01,0.0040781158547105525,2.3487625860016896,0.908620676255324
2006-04-01,0.003731195908832428,2.131222613185133,0.9025014791205506
2006-05-01,0.0037615775017621933,2.165868155165202,0.9035031253908961
2006-06-01,0.003773581099307282,2.186776584988163,0.9029993671460765
2006-07-01,0.0038522317556287117,2.274354013066115,0.9057338346268008
2006-08-01,0.0035204906339960746,2.1123935621761856,0.9036579564142743
2006-09-01,0.0039293155660956695,2.3027511005340977,0.8918377936459
2006-10-01,0.0036190007770737476,2.0640189646385356,0.8909987865918736
2006-11-01,0.0038242519759105554,2.223117859108644,0.8902865859206894
2006-12-01,0.0036080478292695624,2.1352455108454667,0.8936730544330027
2007-01-01,0.0033634900942696084,1.9991455532733906,0.8920039606113294
2007-02-01,0.0027777427404314437,1.7434972092098362,0.9034553395628507
2007-03-01,0.0027884030352464378,1.7674922452332578,0.9021588304660754
2007-04-01,0.0029353315190803176,1.8790756909801734,0.8998362562556543
2007-05-01,0.003238268524694127,2.0680681612008627,0.9003982137502057
2007-06-01,0.002519550457735469,1.7222050628897725,0.9103667783438201
2007-07-01,0.004147689902083346,2.892541242950023,0.9042679466876874
2007-08-01,0.004234155130214423,3.0654882428307877,0.9087578942134381
2007-09-01,0.004333981221622171,3.0632496479630356,0.8800096086580909
2007-10-01,0.004421666116418243,3.150422297535546,0.8603301106092606
2007-11-01,0.004589733744011109,3.359507546642183,0.8631630098147984
2007-12-01,0.004886976563190368,3.569496758657158,0.8444482344684275
2008-01-01,0.005313962060207991,3.8911860457911995,0.8541644491347903
2008-02-01,0.005081085806268569,3.7332811156224586,0.8588003928698041
2008-03-01,0.005460298050573288,3.656034053489727,0.8305752667035947
2008-04-01,0.005354574266972518,3.638384765480032,0.8269617645708944
2008-05-01,0.00491292159798559,3.2635697821079157,0.8070919763266279
2008-06-01,0.004326760503988715,2.963032790438081,0.8487305766612389
2008-07-01,0.004447441973425396,2.9714943743621784,0.8427355640659168
2008-08-01,0.004767838496512209,3.1166691862150246,0.8371780794126021
2008-09-01,0.00525405334539275,3.146483439399739,0.8156686138975798
2008-10-01,0.0057130258998425495,3.4050401593923887,0.8495817205955187
2008-11-01,0.00636404104289481,3.798249123288394,0.8512638907974145
2008-12-01,0.00597199971998759,3.479294837613832,0.8394994571371623
2009-01-01,0.005659247043622427,3.2078523373667123,0.8521057124383583
2009-02-01,0.005385828605691151,2.9969289280472275,0.8684969505298592
2009-03-01,0.005516605024289362,3.094985235434999,0.8818272418572547
2009-04-01,0.005552403366330565,3.111455879612708,0.8912097494479485
2009-05-01,0.005677283586219916,3.2102459297326815,0.8950747967470886
2009-06-01,0.005272947157353743,3.016355107372117,0.8966149349488247
2009-07-01,0.0055441273372084515,3.1608352811920466,0.9021339832838924
2009-08-01,0.005082429678462754,2.849852976327756,0.8993254828493445
2009-09-01,0.00518372376296889,2.894461729240561,0.8999214266183473
2009-10-01,0.005201727227823704,2.9163785598658705,0.8996444957679921
2009-11-01,0.005209487955572648,2.9308190759688895,0.9022113421910468
2009-12-01,0.005485804725182755,3.124066870017447,0.9047503995827326
2010-01-01,0.00541174066262717,3.0747744491025735,0.9052713436798241
2010-02-01,0.005145956876721505,2.9300109873152484,0.9055936344417453
2010-03-01,0.005472955749783644,3.155050019230492,0.9101348489745312
2010-04-01,0.006256677314104318,3.7648566615888894,0.9175798952756798
2010-05-01,0.006161363289918035,3.708720421178588,0.92143216350115
2010-06-01,0.006549266404505157,4.1657701107145435,0.9303236244511093
2010-07-01,0.006562005148649916,4.190854091520601,0.9325565325768774
2010-08-01,0.006690566332923619,4.297265061368525,0.9339302777889092
2010-09-01,0.006904680719209166,4.369505026053467,0.9359108282643989
2010-10-01,0.007047566012420026,4.465371099920921,0.9366465137601478
2010-11-01,0.006914712788811535,4.386178521836705,0.9365207041250743
2010-12-01,0.007099510748306094,4.585420713533063,0.9400166961864068
2011-01-01,0.006968068113619969,4.533818328359266,0.9402185414367364
2011-02-01,0.006913446364103872,4.50148637365703,0.9408435083066126
2011-03-01,0.007012803209000322,4.580068453657818,0.9413011720606834
2011-04-01,0.007252467306890491,4.7287249928533734,0.9418764309350096
2011-05-01,0.007515370657072015,4.935311924821409,0.9432226456386975
2011-06-01,0.007742004606501469,5.151186292205162,0.9448753513403314
2011-07-01,0.007903649929006445,5.213874982387137,0.9450135206502158
2011-08-01,0.00821447040562122,5.404319583199637,0.944596719351226
2011-09-01,0.00789421040301889,5.210601831033254,0.9460156265221353
2011-10-01,0.00788564124521594,5.194970935518459,0.9484765507244777
2011-11-01,0.007898259287731786,5.204289644789852,0.9483206599891773
2011-12-01,0.008610152917450249,5.575849205467693,0.9471726464288861
2012-01-01,0.008763991471773673,5.713567252686813,0.9485148710746827
2012-02-01,0.008749946768841794,5.743701213985244,0.9487883515349653
2012-03-01,0.008616679086129201,5.646142557859358,0.9484903602243353
2012-04-01,0.008406342524726364,5.519139851274916,0.9481611806787957
2012-05-01,0.008267841043323464,5.474522442250667,0.9494318191047443
2012-06-01,0.008279881326995878,5.490992968404612,0.9495811022223256
2012-07-01,0.007973789045330802,5.382354911267152,0.9509616553651209
2012-08-01,0.007678464170195223,5.079618316150902,0.9487397254539294
2012-09-01,0.007631597846679952,5.047161814772799,0.9485624071987582
2012-10-01,0.006895651402838933,4.433911090250855,0.9451762868008224
2012-11-01,0.006853257318439065,4.3824639911121475,0.9444456719353506
2012-12-01,0.006521300541835306,4.084358464903518,0.9420773277598573
2013-01-01,0.006699290997614703,4.210911219459828,0.9423093874703027
2013-02-01,0.006797563397908784,4.277651248669671,0.9420716711791408
2013-03-01,0.006127577992382331,4.171831331621504,0.9507114698391643
2013-04-01,0.0063255178896371896,4.3206338160606945,0.9505387557752384
2013-05-01,0.006207788815129968,4.210943630445698,0.9494754241500608
2013-06-01,0.006502726455480816,4.4842625718500395,0.9475660486397941
2013-07-01,0.0061679540987960545,4.164839509955951,0.9458904655178336
2013-08-01,0.005708866700561436,3.9452258518022467,0.9488289092927507
2013-09-01,0.004795347174593741,3.445405526104697,0.9540002151515186
2013-10-01,0.003819041042387246,2.792123436137139,0.9524885820425503
2013-11-01,0.0034210245975303077,2.61474319272133,0.9562966149038237
2013-12-01,0.0034822318964165882,2.683669569344234,0.9568809888330666
2014-01-01,0.003206755349668443,2.4141995888249235,0.9511649616434146
2014-02-01,0.0034808046108131085,2.591558848173503,0.9441745427553283
2014-03-01,0.0034955423245290828,2.658474421003371,0.9410618402761178
2014-04-01,0.003536336205630891,2.7416824223858844,0.9384594525579995
2014-05-01,0.0033093555205651612,2.487502752859063,0.9329848481334468
2014-06-01,0.003325196555529946,2.493270625565499,0.9323607523103739
2014-07-01,0.0029460939151225484,2.2586858663923692,0.9306970272151434
2014-08-01,0.00312839595348747,2.3945303710705397,0.9320426865962149
2014-09-01,0.002928805406896916,2.2968788920824097,0.9344491457487372
2014-10-01,0.002897263340335977,2.2806934692417276,0.9343968381381802
2014-11-01,0.0028343832415432912,2.252462215708711,0.9327593666261131
2014-12-01,0.0025503465304295334,2.0214416897186798,0.9323837875403993
2015-01-01,0.002392379226012225,1.8603619125913153,0.931375870159764
2015-02-01,0.002445710098932661,1.8629602193016215,0.9322875293729534
2015-03-01,0.00233051516763884,1.7987288201655056,0.9316173233212364
2015-04-01,0.0018094347017209053,1.4292759796580496,0.936294704677842
2015-05-01,0.001641915582376672,1.2601341131219854,0.9278453811414414
2015-06-01,0.0018759983543117063,1.4520403858308397,0.924606765154191
2015-07-01,0.0018177858088942222,1.373056295140665,0.9158105536050645
2015-08-01,0.0014687076262756811,1.1247571973200228,0.9194851245873608
2015-09-01,0.0016659078158926571,1.3037191551619636,0.9135049164743103
2015-10-01,0.0016771483408684592,1.3001649319698358,0.9197468985363491
2015-11-01,0.0019268318121268913,1.4618536636123793,0.9158995950136908
2015-12-01,0.0019027203953395201,1.4492956417956913,0.912740394652418
2016-01-01,0.0021104928965929343,1.615483415867513,0.9130633351749129
2016-02-01,0.0020027141524756853,1.5499121772774795,0.913546818133878
2016-03-01,0.0020278196215971437,1.5471337022251446,0.9172594154438446
2016-04-01,0.0017798562102257286,1.3669858871542029,0.9164814343903102
2016-05-01,0.0016741273429617788,1.2648598688729127,0.9136948071747046
2016-06-01,0.0019665140904555354,1.436453122613727,0.9074584720766357
2016-07-01,0.001743371914713231,1.2734502501585463,0.9079682143760457
2016-08-01,0.0011636816679744056,0.8622742016312229,0.9098425674145773
2016-09-01,0.0011841849382723765,0.8651894715741969,0.9023380484656806
2016-10-01,8.916668518402039e-4,0.641193135540093,0.8868402765271077
2016-11-01,7.427177013575448e-4,0.530900297168375,0.8892428905211816
2016-12-01,4.12506087429861e-4,0.31594792054542453,0.9032975453554741
2017-01-01,1.3308970611723199e-4,0.09920718119221048,0.8957355669273831
2017-02-01,2.432860446723923e-4,0.18108846655003336,0.895664429169943
2017-03-01,3.491381127859773e-4,0.26189714030345657,0.894547630343841
2017-04-01,3.588118742783447e-4,0.2682673995973342,0.8939631635300532
2017-05-01,-2.9434685966504837e-4,-0.2169107272386095,0.8893564571560805
2017-06-01,-1.2531863133474666e-4,-0.09224137620726988,0.8857682391318608
2017-07-01,-1.5691049645653873e-4,-0.11553469743536422,0.8864178215905185
2017-08-01,-1.3314017214508846e-4,-0.09923442003740705,0.8886087177209807
2017-09-01,-1.08819916398402e-4,-0.08131578508705962,0.8877319768695295
2017-10-01,2.531174806932681e-4,0.19058122327025237,0.8894984056176748
2017-11-01,3.504611521680576e-4,0.26086490227137205,0.8897439373983465
2017-12-01,6.39796881902921e-4,0.47975922263374776,0.8914679276145833
2018-01-01,6.348285854425073e-4,0.4560401311527468,0.8801446252948277
2018-02-01,-1.1892179571937351e-4,-0.08323147663409977,0.8827114557722081
2018-03-01,1.1616940779733214e-4,0.08228762063325595,0.8834870006085561
2018-04-01,1.259921084265439e-5,0.009054498667270284,0.8848077117800918
2018-05-01,2.476946791758913e-4,0.18103031854121,0.888834837223851
2018-06-01,2.477097666562766e-4,0.17938127500446466,0.8872892690675989
2018-07-01,4.626006820788361e-4,0.3440346235051679,0.8938978014489297
2018-08-01,4.309728001752466e-4,0.3151045199864153,0.8891920757984516
2018-09-01,7.224519169473842e-4,0.5208906840295864,0.8847274105785795
2018-10-01,9.292358898473629e-4,0.685366352224564,0.8885961988140453
2018-11-01,7.356001760560742e-4,0.5503943987061823,0.8898338609597253
2018-12-01,0.0012511517632999081,0.9472319390725793,0.9007314461205183
2019-01-01,0.0017025634362611724,1.3281919838778664,0.9079501383510176
2019-02-01,0.0019084280655793427,1.4692167939709295,0.9047891172348034
2019-03-01,0.0017887142509210151,1.3605199333306282,0.9037480751249253
2019-04-01,0.001463544581215814,1.1115990860442795,0.9045803003522211
2019-05-01,0.001545261683026293,1.2089911168968284,0.9167448224923065
2019-06-01,0.0018109770336417973,1.398420723993525,0.92144384013084
2019-07-01,0.0016930097487115737,1.2846150687305502,0.9182977900992585
2019-08-01,0.001629553649893515,1.2387052484242775,0.9182289343987747
2019-09-01,0.0016775135321688598,1.283936113673418,0.9187923386935712
2019-10-01,0.0015095309329024224,1.139939145832437,0.9168591592973697
2019-11-01,0.0014953960249719405,1.1311642162585227,0.9173738046567136
2019-12-01,0.0016347119038437714,1.2396585800224724,0.9181155848208147
2020-01-01,0.001628055453019106,1.2170008511015031,0.9148799245129648
2020-02-01,0.001123939124727585,0.8482784955399617,0.922855007556759
2020-03-01,0.0011908857594591733,0.890966981361585,0.9384380922401323
2020-04-01,0.001050324219281118,0.7600295649577052,0.9407662839749594
2020-05-01,0.0011044920686176219,0.7939390169380962,0.9409255547436854
2020-06-01,9.575098436116222e-4,0.6815253154582392,0.940216595974322
2020-07-01,7.999389533412666e-4,0.5332635864363182,0.932131953287931
2020-08-01,0.0012677150780358946,0.8350675774678545,0.9329617419072166
2020-09-01,0.0012149604657009465,0.8020567170965444,0.9340633779438104
2020-10-01,9.475418781987532e-4,0.6530962737558735,0.9328682938797715
2020-11-01,0.0011556031719620631,0.710802147163336,0.9303984398544787
2020-12-01,0.0010164530779417215,0.6264628115080267,0.931260221014261
2021-01-01,1.2647609177585196e-4,0.07729137260982165,0.9310102064627833
2021-02-01,3.6933149607262485e-4,0.2256975486373541,0.9304145095688087
2021-03-01,8.47687661140064e-4,0.5105102328421768,0.9261710533929721
2021-04-01,8.080236716360701e-4,0.46515484965589443,0.920536390262265
2021-05-01,9.782868640987286e-4,0.5717968815688407,0.9210126477169528
2021-06-01,5.873334282714429e-4,0.34958676022123814,0.924838218096888
2021-07-01,6.340332772628903e-4,0.3787834439535179,0.9250545964937162
2021-08-01,6.976716146624749e-4,0.41131430888257287,0.9239189767965339
2021-09-01,5.986818196888309e-4,0.35790330480999993,0.9250060140897292
2021-10-01,8.151663463344628e-4,0.4810652702804221,0.9252870881303915
2021-11-01,0.0011073679481963157,0.659733372842621,0.9270423987714779
2021-12-01,0.0013056692385112862,0.7619971243011492,0.9254774235752732
2022-01-01,0.001521578551529669,0.9166572277809432,0.9269838678598646
2022-02-01,9.932101832706938e-4,0.6047971191354109,0.9270770295268791
2022-03-01,8.275099674670344e-4,0.5033206266596553,0.9275482898190063
2022-04-01,0.0011207057519792383,0.6849410284330697,0.9285773914856892
2022-05-01,9.907619164615958e-4,0.6058062956307898,0.9282478994426008
2022-06-01,0.0012573169885960504,0.7689849053083261,0.9312574915601202
2022-07-01,0.001132681759643686,0.6928529298965102,0.9335005015617043
2022-08-01,0.0010338028721419285,0.6342367127684921,0.9343466096536863
2022-09-01,6.42010679526532e-4,0.385402752824437,0.936541108235076
2022-10-01,0.0012120202996431218,0.6516308871201536,0.9289890800236748
2022-11-01,0.0012692957691329077,0.6770402945994444,0.9291537361081785
2022-12-01,0.001721164042426652,0.8954324710849665,0.9252672183098433
2023-01-01,0.0017229265022578708,0.8995837860153092,0.9253844177095397
2023-02-01,0.0019146562037047415,1.015697519466559,0.926751951413516
2023-03-01,0.002133334220719048,1.1085363338491383,0.9243235779373186
2023-04-01,0.0022722426223156685,1.1736347944632042,0.9238217928549817
2023-05-01,0.0016711498258151225,0.8204189214547377,0.9181235476600632
2023-06-01,0.0014193504676191064,0.6982357166215493,0.9199390835364193
2023-07-01,0.001146492860992825,0.5660839893377444,0.9195146990137183
2023-08-01,0.0010874696359922148,0.536675735156037,0.9197996411279112
2023-09-01,5.610607895282919e-4,0.2797722638866818,0.9224713051580984
2023-10-01,5.021264647261906e-4,0.2498277738113252,0.9213976678579201
2023-11-01,3.798978477453452e-4,0.18767568686375544,0.9228071568525634
2023-12-01,-2.987529547237658e-4,-0.146698583618607,0.9195419074082998
2024-01-01,-3.767112283608262e-4,-0.18470633574994796,0.9176189497737974
2024-02-01,-7.396541699550771e-4,-0.3661232843639386,0.9195040861746014
2024-03-01,-9.396960569204362e-4,-0.46347101841375254,0.9191867240081807
2024-04-01,-7.54386304718849e-4,-0.37562795466785953,0.920670351323206
2024-05-01,-8.236096622197568e-4,-0.4069260175925976,0.9179186702094289
2024-06-01,-0.0013952198841414203,-0.677219850764817,0.9125627772307743
2024-07-01,-6.490679244602561e-4,-0.31066889859952507,0.9092936884863149
2024-08-01,-7.13502117271046e-4,-0.3404541389965996,0.9089999862107357
2024-09-01,-4.51734357923809e-4,-0.21391340170840617,0.9072976720968259
2024-10-01,-9.433664575398886e-4,-0.43184350501834284,0.9020063155322071
2024-11-01,-0.0010166209443486826,-0.46644439744172556,0.9033406799571783
2024-12-01,-0.0010737919291557544,-0.4931150961279611,0.9047491136003464
